{"cameraMode":{"drawMode":0,"name":"Shaded","section":"Shading Mode"},"sceneLighting":false,"audioPlay":false,"sceneViewState":{"showFog":true,"showMaterialUpdate":false,"showSkybox":false,"showFlares":true,"showImageEffects":true,"showParticleSystems":true},"in2DMode":false,"pivot":{"x":0.006500035524368286,"y":0.12955571711063386,"z":-0.16375508904457093},"rotation":{"x":-0.1775456964969635,"y":-0.009768917225301266,"z":0.0016629279125481845,"w":-0.9840627312660217},"size":1.1918591260910035,"orthographic":true}