{"cameraMode":{"drawMode":0,"name":"Shaded","section":"Shading Mode"},"sceneLighting":false,"audioPlay":false,"sceneViewState":{"showFog":true,"showMaterialUpdate":false,"showSkybox":false,"showFlares":true,"showImageEffects":true,"showParticleSystems":true},"in2DMode":false,"pivot":{"x":0.9003904461860657,"y":0.5998842120170593,"z":-1.5993653535842896},"rotation":{"x":0.07645972818136215,"y":-0.9056726694107056,"z":0.18538059294223786,"w":0.3735571503639221},"size":0.23007723689079286,"orthographic":false}