{"cameraMode":{"drawMode":0,"name":"Shaded","section":"Shading Mode"},"sceneLighting":true,"audioPlay":false,"sceneViewState":{"showFog":true,"showMaterialUpdate":false,"showSkybox":true,"showFlares":true,"showImageEffects":true,"showParticleSystems":true},"in2DMode":false,"pivot":{"x":2.20912504196167,"y":-0.5557068586349487,"z":-1.4437841176986695},"rotation":{"x":-0.12316538393497467,"y":-0.8672066926956177,"z":0.2648389935493469,"w":-0.40329059958457949},"size":3.9452340602874758,"orthographic":false}